{"cameraMode":{"drawMode":0,"name":"Shaded","section":"Shading Mode"},"sceneLighting":true,"audioPlay":false,"sceneViewState":{"m_AlwaysRefresh":false,"showFog":true,"showSkybox":true,"showFlares":true,"showImageEffects":true,"showParticleSystems":true,"showVisualEffectGraphs":true,"m_FxEnabled":true},"in2DMode":false,"pivot":{"x":94.68742370605469,"y":-735.3246459960938,"z":3295.3388671875},"rotation":{"x":0.11255962401628494,"y":0.013409123755991459,"z":-0.0015202655922621489,"w":0.9935510754585266},"size":1827.3245849609375,"orthographic":false}