{"cameraMode":{"drawMode":0,"name":"Shaded","section":"Shading Mode"},"sceneLighting":true,"audioPlay":false,"sceneViewState":{"m_AlwaysRefresh":false,"showFog":true,"showSkybox":true,"showFlares":true,"showImageEffects":true,"showParticleSystems":true,"showVisualEffectGraphs":true,"m_FxEnabled":true},"in2DMode":false,"pivot":{"x":-265.1686706542969,"y":-125.81723022460938,"z":3438.296630859375},"rotation":{"x":-0.019200827926397325,"y":0.04048972204327583,"z":-0.0007777201826684177,"w":-0.9990532994270325},"size":1779.800537109375,"orthographic":false}